30mer,mean_eff
ATTGAAGAGAGACAGTACATGCCCTGGGAG,0.9937634324402268
ATGATGTGTACCGCGTGATGGCAGTGGATG,0.9717043107189328
TGCAGATGGGCTTCCCGGTCATCACGGTGG,0.7621426543666419
AAACGTACAGGCCCCTGTCATTGGGGGTGA,0.7599367423952506
TCAGAAATAATACCAACAACTGGAGGGAGA,0.7533190064810763
CCAGGCCCTGCTTGAATACGTCCTCGGACA,0.7533190064810763
TCTGTGCCCGATTGATGACAGGGATGGCCT,0.7522160494916907
GTCTGCCATCTCTGATGGATGTGATGGGCA,0.7500101375202993
GATGTTGAACTCGGCCTTCATGGCCGGCTC,0.7455983135775165
GCTTCTACCGCAGCGAGTACATGGAGGGCA,0.7400835326453481
GGTTCAGGTAGATGGTGTTCTGGTAGGCAA,0.7389805766596523
ATGTCCCGCACGGTGGTGGGGAGTTGGATG,0.7367746646882611
TCCAGCGGTTCATGATGTCCCGCACGGTGG,0.9706013547332374
TGAACCTGTGGGACCACCTGCAGGAGGTCA,0.7356717087025653
GGCATGTACTGTCTCTCTTCAATCAGGAAG,0.7290539717847012
CACCTTTGGGAAGCATGTTGGACAGGGCTG,0.7246421478419185
CCGACATTGACAAGACTGAGCTGGTGGAGC,0.7235391918562227
TGCTGAATGATGTGTACCGCGTGATGGCAG,0.7224362358705271
TGTTTGACGCCATCTCCTACAGCAAGGTGC,0.7213332798848314
ATGACCAGCAAAGAAGTTAAGGATGGGGCC,0.7180244109240542
GAATCGGGTTTCAGCGTGTTGGGGAGGCGG,0.7169214549383587
CGGCGATTATGCCCTGAACGTGACGGGCCC,0.7125096309955758
CCTCCAGCAGCAACAAGGAGCGGGTGGTCA,0.7114066750098802
TTCATGGCCGGCTCATCGAAGCATGGGAAG,0.9706013547332374
TGGACAGCGAGTTCGAGGGGGAGTTGGCAG,0.7114066750098802
GGTGGATAAGCGTGATGTTGAACTCGGCCT,0.7069948500634073
TACTGTCTCTCTTCAATCAGGAAGAGGGTG,0.7069948500634073
ACCGTACCTCACCCCCAATGACAGGGGCCT,0.7058918940777117
GGTTCATGATGTCCCGCACGGTGGTGGGGA,0.7058918940777117
GTGAGTTCGACTACGTGGAGAAGCAGGCAT,0.7025830261206246
GTCACCCCTGGGGCAGGTACAGCGAGGTTA,0.701480070134929
GCCACAGGTCATTCCACCACTCTATGGTCA,0.701480070134929
AGATCATTAATGACGCCTTCAACCTGGCCA,0.7003771141492332
TTGTTGCTGCTGGAGGAGGACAGGGGGTCG,0.6992741581635376
ATGAGATGGACAGCGAGTTCGAGGGGGAGT,0.968395442761846
CACCCGCCTCGGAGATCAACACGCCGGCCC,0.6981712021778418
GTACCTTCATGGGGCCATAGACCTCGGAGC,0.6970682461921462
CCCACTCACCTTTGGGAAGCATGTTGGACA,0.693759377231369
ATCTCCGAGGCGGGTGTGGACAGCGGGTGG,0.690450509274282
GATGGCAGACAGCAGCAGGACTACTGGCTG,0.6882445973028906
AGTGACAGGGACCTTATGGGCACTGGGAAT,0.6882445973028906
AATGACCAGCAAAGAAGTTAAGGATGGGGC,0.6871416413171949
AGGGTGTAGTTGAGCTTCTTGCTGTGGATG,0.6871416413171949
GTCAAACAGCTCACTGATCTGGGCCGGCGT,0.6860386853314994
ACACGCTGAAACCCGATTCCTACCGGGTGA,0.6838327723564178
TGGTGAAGGACAGCCAGTATGAGATGGACA,0.9650865748047588
GAGTGACAGGGACCTTATGGGCACTGGGAA,0.6838327723564178
GTATTATTTCTGAAGTGAATGAAGAGGGGT,0.6827298163707223
TGAGGTGCACCACCAGGTACTCGGTGGGCT,0.6805239043993307
CTTCATGGCCGGCTCATCGAAGCATGGGAA,0.6805239043993307
GGGACTTGGAAATATAGAAGCCCTTGGCCA,0.6805239043993307
CTGATGTGCTGAAGAGATCGTTCTGGGCTG,0.6783179924279393
AGCCCTGTCCAACATGCTTCCCAAAGGTGA,0.6761120804565481
GGCTGGGAGCCTCCCACACCACGCAGGACC,0.6750091244708523
GGGTCCTGCTGAACCTCAATGTGACGGGCT,0.6750091244708523
GAGGCGAAGCCCTCGTTCAGCCACAGGTCA,0.6750091244708523
GCCAGTGCATCCACTGCCATCACGCGGTAC,0.9595717938725904
CCTTGTTGCTGCTGGAGGAGGACAGGGGGT,0.6728032114957709
CTACTGCAACGCTATCGCCCAGGGCGGGGA,0.6728032114957709
TAGACGGTGGACCGCAGGTTGGGGTGGATC,0.6717002555100753
ATTGTGCACACGGCTGCCACGCCCAGGAGG,0.6650825195959011
TCGGGTTTCAGCGTGTTGGGGAGGCGGTAA,0.6617736506351241
GTTCATGATGTCCCGCACGGTGGTGGGGAG,0.6617736506351241
TTCGGGAACCTGGTGACCATAGAGTGGTGG,0.6595677386637327
CCCCGAGATGGGGGTCTACCTGGTGGGCCA,0.6595677386637327
ATTATTTCTGAAGTGAATGAAGAGGGGTGT,0.658464782678037
CCCAGCCTCATACCAAGACACCATTGGATG,0.6551559147209499
GAGGGGTGGCAGACACTCACCGAGTGGTCT,0.9562629259155032
ACTATGCGGAGCCCACCTGGAACTTGGTAA,0.6518470457601728
ACTACACCCTCAGCCAGGGGCACAGGGTGG,0.6452293098459987
CGAACAGCAGGGAGTTCTCCCGGTAGGTCA,0.644126353860303
CCATCTGCTCACTTGAATTCTGAGGGGCGG,0.640817484899526
GCGTGTTGATCTCCGAGGCGGGTGTGGACA,0.640817484899526
TCATTCCACCACTCTATGGTCACCAGGTTC,0.6397145289138303
TCCCCGAGATGGGGGTCTACCTGGTGGGCC,0.6375086169424389
GGTACGGTCTCAGCGTCACCCGGTAGGAAT,0.6364056609567432
TGGCTGCTACTGACCTCCTGCAGGTGGTCC,0.6286849680531834
TAGGAATCGGGTTTCAGCGTGTTGGGGAGG,0.6242731441104007
TCTTCAGCACATCAGGCAATGAGTGGGTCC,0.9518511009690304
CAAGGAGGAAGTGCTCCTGGGAAAGGGTCC,0.6220672321390093
CGGTACACATCATTCAGCACCATGAGGTCT,0.6198613201676179
CTTCTACCGCAGCGAGTACATGGAGGGCAA,0.6187583631782322
ACACCCTCAGCCAGGGGCACAGGGTGGTCC,0.6187583631782322
AGGAGGACAGGGGGTCGAACAGCAGGGAGT,0.6187583631782322
CCCCCGACATTGACAAGACTGAGCTGGTGG,0.6187583631782322
TCCAGTTGGGGTCTTCTGGAAGTGGGGTGC,0.6154494952211451
TCTGGTAGGCAAAGGTGTGGAGGTAGGACT,0.612140627264058
GAGGAGCGGGCTGCACCTTGCTGTAGGAGA,0.6088317593069711
TGCCAGACTTCAACGCCGGCGCCATGGAGA,0.6055228903461938
TCAACATCACGCTTATCCACCCCAAGGACC,0.947439277026248
GCACAGGGTGGTCCTGCGTGGTGTGGGAGG,0.6033169783748025
CCAGCACCGTCCGTTTCACCTGCAAGGAGG,0.5989051544320197
TGGAAATATAGAAGCCCTTGGCCATGGTGA,0.5978021984463241
GCCCAGGGTGCAGTACTCACCGCCAGGCCC,0.5966992424606284
TGATGACGTCAGTGGCCTCCTTGCAGGTGA,0.5933903734998514
GCATCCTGAGGACTGAGGCGCCCTGGGGTG,0.5889785495570686
GCGGACGGGGTGGTGGAGGCCACGGGGGAG,0.5856696815999815
ACCGTGCGGGACATCATGAACCGCTGGACC,0.5856696815999815
ACCTCAATGTGACGGGCTATTACCGGGTGA,0.5845667246105958
CAGGGTGGTCCTGCGTGGTGTGGGAGGCTC,0.5845667246105958
TTGAAGAGAGACAGTACATGCCCTGGGAGG,0.947439277026248
GAAGCTCAACTACACCCTCAGCCAGGGGCA,0.5812578566535087
AACTACACCCTCAGCCAGGGGCACAGGGTG,0.5713312517785575
TTCAGAAATAATACCAACAACTGGAGGGAG,0.5702282957928617
GCTCCGAGGTCTATGGCCCCATGAAGGTAC,0.5669194278357748
GGACCACCCTGTGCCCCTGGCTGAGGGTGT,0.5669194278357748
CATGCTTCGATGAGCCGGCCATGAAGGCCG,0.5669194278357748
GCAGCTGGCTTACCAAGTTCCAGGTGGGCT,0.5647135158643833
TGGAGTACCTGGGTGCTGACTATGCGGAGC,0.5580957789465192
TTCCCCAGAACTACCTGAAGAAGCAGGTCA,0.5558898669751279
ATACCAGCACGGGGACCCTTTCCCAGGAGC,0.5558898669751279
TGGTGGAGCCCACCGAGTACCTGGTGGTGC,0.986042739536667
TCCATCCAACTCCCCACCACCGTGCGGGAC,0.9441304090691608
GTATGAGATGGACAGCGAGTTCGAGGGGGA,0.5547869109894321
GGTGGAATGACCTGTGGCTGAACGAGGGCT,0.5547869109894321
CCCGCACGGTGGTGGGGAGTTGGATGGACC,0.5525809990180407
AGCTTGAAGTAGCTCAGGCTGCTCAGGGCG,0.5481691740715681
ACATTGCCCTCCATGTACTCGCTGCGGTAG,0.5470662180858723
GTGCACACGGCTGCCACGCCCAGGAGGATC,0.5426543941430896
TGCCATCAGCACCGCCTGCTCCAACGGAGT,0.5426543941430896
TCATTGTCAGTGAGTTCGACTACGTGGAGA,0.5371396132109211
CCGAGTACCTGGTGGTGCACCTCAAGGGCT,0.5371396132109211
AGGGAGCCCTTGAGGTGCACCACCAGGTAC,0.5294189203073613
GTCATCACGGTGGATACCAGCACGGGGACC,0.9408215401083836
CTTGTTGCTGCTGGAGGAGGACAGGGGGTC,0.52721300833597
AAAACGTACAGGCCCCTGTCATTGGGGGTG,0.52721300833597
CTGCTCACTTGAATTCTGAGGGGCGGGTAA,0.52721300833597
GCTCCAACGGAGTTCCAGAGTGTGAGGAGA,0.5250070963645784
CGGGGTCAAGGAGGAAGTGCTCCTGGGAAA,0.5239041403788828
TCTGGGCCCGGCCCAGTGCCATTGCGGCGG,0.5228011843931871
CCAGGAGGATCCCCAGGATGCCCAGGGACT,0.5205952724217958
AGGCGGGTGTGGACAGCGGGTGGGAGGAGG,0.5194923164361
ATGGTGTTCTGGTAGGCAAAGGTGTGGAGG,0.5194923164361
CGGGCTTCTACCGCAGCGAGTACATGGAGG,0.516183447475323
TGATGACCGGGAAGCCCATCTGCAGGGTCC,0.9408215401083836
TCATGAACCGCTGGACCCTGCAGATGGGCT,0.516183447475323
CCGAGGACGTATTCAAGCAGGGCCTGGCGG,0.5106686675468445
GGGCTTCTATATTTCCAAGTCCCTGGGCAT,0.5095657115611488
AGAACTGGGGACTGGTGACCTACCGGGAGA,0.5084627555754532
ACCTGAACCTGTGGGACCACCTGCAGGAGG,0.5062568426003717
TCATAATGACCAGCAAAGAAGTTAAGGATG,0.5062568426003717
AGGGGGAGTTGGCAGATGACCTGGCGGGCT,0.5040509306289804
CCACCAGCTCAGTCTTGTCAATGTCGGGGG,0.5040509306289804
GAGGGGCGGGTAACATTGGAATCGGGGTCA,0.5029479746432847
TGGGGAATTTGCAGAAAGACCTCATGGTGC,0.4996391066861976
AGACTCAGCTGCAGAGAGACCACTCGGTGA,0.939718584122688
TGGCCTCCTTGCAGGTGAAACGGACGGTGC,0.498536150700502
ACAAGAACGCCAACAGCTCCCCCGTGGCCT,0.4963302387291106
GTAACATTGGAATCGGGGTCAAGGAGGAAG,0.4963302387291106
CCTGCTGCTGTCTGCCATCTCTGATGGATG,0.4963302387291106
GGGTCGAACAGCAGGGAGTTCTCCCGGTAG,0.4919184137826378
GGGGGAGTTGGCAGATGACCTGGCGGGCTT,0.4864036338541593
TCCTCCTCCAGCAGCAACAAGGAGCGGGTG,0.4830947648933823
ACGGTGGTGGGGAGTTGGATGGACCGGTTG,0.4819918089076865
AGACCGTACCTCACCCCCAATGACAGGGGC,0.4797858969362951
TGGCCCGCCGCAATGGCACTGGGCCGGGCC,0.4797858969362951
TCTCCTCACACTCTGGAACTCCGTTGGAGC,0.9364097161656008
AGCTGGTGGAGCCCACCGAGTACCTGGTGG,0.4786829409505995
TGGCGTCAAACAGCTCACTGATCTGGGCCG,0.4786829409505995
AGAACACCATCTACCTGAACCTGTGGGACC,0.4786829409505995
CTGTCCTTCACCAGGGAGCCCTTGAGGTGC,0.4775799849649038
GGAGACACTCACGGGTTATTATTGGGGTTC,0.4775799849649038
CCTTGAGGTGCACCACCAGGTACTCGGTGG,0.4764770289792081
GGTCCTGCTGAACCTCAATGTGACGGGCTA,0.4742711170078167
GGACTACTGGCTGATAGATGTAAGAGGTAA,0.4731681600184311
CCAGGGGCACAGGGTGGTCCTGCGTGGTGT,0.4720652040327353
CGGGTGTGGACAGCGGGTGGGAGGAGGCCA,0.4709622480470397
CACACCAGGATCCACCCCAACCTGCGGTCC,0.9353067601799052
GGGTGGTGGCCACTACACAGATGCAGGCTG,0.4698592920613439
CCACGCAGGACCACCCTGTGCCCCTGGCTG,0.4698592920613439
TGGTGGAGGCCACGGGGGAGCTGTTGGCGT,0.4654474681185612
TCTCAGCGTCACCCGGTAGGAATCGGGTTT,0.4621385991577841
CCCACCCGCTGTCCACACCCGCCTCGGAGA,0.4599326871863927
TCTGCTCACTTGAATTCTGAGGGGCGGGTA,0.4566238192293057
CCCAGGAGGATCCCCAGGATGCCCAGGGAC,0.4544179072579143
TATGAGATGGACAGCGAGTTCGAGGGGGAG,0.4533149512722187
GGAGCACTCACCTGGCCAGGTTGAAGGCGT,0.4522119952865229
GCAGTAGACGGTGGACCGCAGGTTGGGGTG,0.4489031263257458
TGAAGTAGCTCAGGCTGCTCAGGGCGGCCT,0.933100848208514
TGGTCCAAGGTGGTGGCCGAGGCGGGGTTG,0.4455942583686588
GCGTGATGTTGAACTCGGCCTTCATGGCCG,0.4455942583686588
CAGTAGACGGTGGACCGCAGGTTGGGGTGG,0.4422853904115718
ACCAGCTCAGTCTTGTCAATGTCGGGGGGC,0.441182434425876
GGCTGGCTGCTACTGACCTCCTGCAGGTGG,0.4400794774364903
GAGAACTGGGGACTGGTGACCTACCGGGAG,0.4389765214507947
CGGACGGGGTGGTGGAGGCCACGGGGGAGC,0.4323587855366205
CCATCAGAGATGGCAGACAGCAGCAGGACT,0.4312558295509248
GCCAGAGACCATCTCCTCACACTCTGGAAC,0.4301528735652292
TTCCAGTTGGGGTCTTCTGGAAGTGGGGTG,0.4290499165758435
GAGGTGCACCACCAGGTACTCGGTGGGCTC,0.9319978922228184
TCAAGGAGGAAGTGCTCCTGGGAAAGGGTC,0.4290499165758435
CTTCGCCTCCTACGTGGAGTACCTGGGTGC,0.4279469605901477
CCCTGTCCTCCTCCAGCAGCAACAAGGAGC,0.4224321806616694
GCCCCTGTCATTGGGGGTGAGGTACGGTCT,0.4202262686902779
AGGACCACCCTGTGCCCCTGGCTGAGGGTG,0.4202262686902779
TCCGAGGCGGGTGTGGACAGCGGGTGGGAG,0.4169173997295008
CAGAACACCATCTACCTGAACCTGTGGGAC,0.4158144437438051
TCGAGGGGGAGTTGGCAGATGACCTGGCGG,0.4158144437438051
AATGATCTGTGCCCGATTGATGACAGGGAT,0.4158144437438051
TAGCCCGTCACATTGAGGTTCAGCAGGACC,0.4125055757867181
TCAAGCTCATGTTTGACCGCTCCGAGGTCT,0.9264831112906498
TGGACCGCAGGTTGGGGTGGATCCTGGTGT,0.409196707829631
GACCGTACCTCACCCCCAATGACAGGGGCC,0.4036819268974626
GTGGAACTCAGTGACATTCCAGTTGGGGTC,0.4025789709117669
TTCATGATGTCCCGCACGGTGGTGGGGAGT,0.4003730589403755
TACTCGCTGCGGTAGAAGCCCGCCAGGTCA,0.39154941005112
CCTCCTCCAGCAGCAACAAGGAGCGGGTGG,0.3893434980797286
ACGCTTTACTTTGGTCCAAGGTGGTGGCCG,0.3882405420940329
GGCGGACGGGGTGGTGGAGGCCACGGGGGA,0.3882405420940329
CACTTCAGAAATAATACCAACAACTGGAGG,0.380519849190473
AGTATGAGATGGACAGCGAGTTCGAGGGGG,0.3794168932047774
GGTCATCACGGTGGATACCAGCACGGGGAC,0.925380155304954
AGGGCTTCTATATTTCCAAGTCCCTGGGCA,0.377210981233386
ATTCCAGTTGGGGTCTTCTGGAAGTGGGGT,0.3750050692619947
GGTAGATGGTGTTCTGGTAGGCAAAGGTGT,0.3683873323441305
TCATCGAAGCATGGGAAGGACTTCCGGGCA,0.3683873323441305
ATTTCCAAGTCCCTGGGCATCCTGGGGATC,0.3672843763584348
GGCCAGCAAGTACGTGGACATCTTGGGCGT,0.3639755084013477
CATGAACCGCTGGACCCTGCAGATGGGCTT,0.3628725524156521
AGGCGGGGTTGGTGGTGGCTGAGGCGGACG,0.3617695954262663
TAAGGATGGGGCCCGTCACGTTCAGGGCAT,0.3606666394405706
GCTCCTGGGAAAGGGTCCCCGTGCTGGTAT,0.3573577714834836
ACCATAGAGTGGTGGAATGACCTGTGGCTG,0.9794250036224929
CCATCCAACTCCCCACCACCGTGCGGGACA,0.91876241838709
GCTGCCACGCCCAGGAGGATCCCCAGGATG,0.3562548154977879
GATTCCACGCTTTACTTTGGTCCAAGGTGG,0.3562548154977879
TCGAACTCGCTGTCCATCTCATACTGGCTG,0.3551518595120922
TGGGCAGCTGGCTTACCAAGTTCCAGGTGG,0.3485341225942281
AGAAGCAGGCATCCAATGGTGTCTTGGTAT,0.3463282106228367
GGTGCTGACTATGCGGAGCCCACCTGGAAC,0.3463282106228367
CGGGCTGCACCTTGCTGTAGGAGATGGCGT,0.3441222986514453
TTTCTGGGATCTCCCTCCAGTTGTTGGTAT,0.3430193426657497
TGGTGGTGGCTGAGGCGGACGGGGTGGTGG,0.3375045617335812
TCTCATACTGGCTGTCCTTCACCAGGGAGC,0.9176594624013942
TGTGCACAATCATCGCACTGTCAGTGGTGT,0.3364016057478854
CCCATCTGCTCACTTGAATTCTGAGGGGCG,0.3330927377907984
GGTAGGAATCGGGTTTCAGCGTGTTGGGGA,0.3286809128443256
AACCTCAATGTGACGGGCTATTACCGGGTG,0.32757795685863
CGCCGTGGCCCGCCGCAATGGCACTGGGCC,0.32757795685863
CGTGCTGGTATCCACCGTGATGACCGGGAA,0.3253720448872386
CTCCATGGCGCCGGCGTTGAAGTCTGGCAG,0.3242690889015429
CTACCATGCACCTCCGTACCTTCATGGGGC,0.3231661329158471
AAGTCTGGCAGGCCAATCTGGTCTGGGGAG,0.3231661329158471
TATTATTTCTGAAGTGAATGAAGAGGGGTG,0.3209602209444558
CTCTTCAGCACATCAGGCAATGAGTGGGTC,0.9099387705015244
GCCGTGGCCCGCCGCAATGGCACTGGGCCG,0.3209602209444558
AGTCCTTCCCATGCTTCGATGAGCCGGCCA,0.3187543089730645
CGAGTACCTGGTGGTGCACCTCAAGGGCTC,0.316548395997983
ACACAGATGCAGGCTGCAGATGCCCGGAAG,0.3143424840265917
GGTTGGTGGTGGCTGAGGCGGACGGGGTGG,0.3121365720552003
CTGAGGGGCGGGTAACATTGGAATCGGGGT,0.3099306600838089
TGATTGCTCATGAGCTGGCCCACCAGGTAG,0.3099306600838089
TGGTGGCCGAGGCGGGGTTGGTGGTGGCTG,0.3066217911230319
GTTGGACAGGGCTGTCAGGTCCTTGGGGTG,0.3033129231659447
TTTGGTCCAAGGTGGTGGCCGAGGCGGGGT,0.3033129231659447
GGGAAGCCCATCTGCAGGGTCCAGCGGTTC,0.9077328575264432
GGGGTTGGTGGTGGCTGAGGCGGACGGGGT,0.3033129231659447
CACCAGCTCAGTCTTGTCAATGTCGGGGGG,0.3022099671802491
GTCTCAGCGTCACCCGGTAGGAATCGGGTT,0.3011070111945534
TGTTGGCGTTCTTGTTCTTCTCCTGGGAGT,0.3000040552088577
TTCAACGCCGGCGCCATGGAGAACTGGGGA,0.298901099223162
CTGACAGTGCGATGATTGTGCACACGGCTG,0.2977981432374663
CCTGATGTGCTGAAGAGATCGTTCTGGGCT,0.2977981432374663
CCTGTCCGAGGACGTATTCAAGCAGGGCCT,0.2922833623052979
CCTCACACCTTGCAGATCCGGATCTGGGCC,0.2911804063196022
CACAGGTTCAGGTAGATGGTGTTCTGGTAG,0.2812538014446509
ACCGCGTGATGGCAGTGGATGCACTGGCCT,0.9077328575264432
TAAAAACGTACAGGCCCCTGTCATTGGGGG,0.2779449334875639
CTCACACCTTGCAGATCCGGATCTGGGCCC,0.2757390215161725
GGGGTCTTCTGGAAGTGGGGTGCTGGGACC,0.2746360655304768
TCGGGGTCAAGGAGGAAGTGCTCCTGGGAA,0.2735331095447812
GGAAGCATGTTGGACAGGGCTGTCAGGTCC,0.26360650466983
TTCTGGAAGTGGGGTGCTGGGACCTGGGCA,0.26360650466983
CCTGGGCATCCTGGGGATCCTCCTGGGCGT,0.2625035486841342
CCGGCGCCATGGAGAACTGGGGACTGGTGA,0.2625035486841342
GAAGTCTGGCAGGCCAATCTGGTCTGGGGA,0.2625035486841342
AACCTTCCTGTTGGGGCAGGGTGGTGGCCA,0.25588581176627
ATGATCTGTGCCCGATTGATGACAGGGATG,0.9055269455550516
CCAAGGTGGTGGCCGAGGCGGGGTTGGTGG,0.2547828557805744
TCCACGCTTTACTTTGGTCCAAGGTGGTGG,0.2536798997948787
TGAGGGGCGGGTAACATTGGAATCGGGGTC,0.2536798997948787
CTCCACCCACAGGCTGTGAACAACCGGTCC,0.2536798997948787
GACAGGAAGCTGGAGAGCATCCTGAGGACT,0.2404444269628405
AGGCCAGCAAGTACGTGGACATCTTGGGCG,0.2393414699734547
AGCGCCAGAGTGACAGGGACCTTATGGGCA,0.2371355580020633
TGGCTGAGGCGGACGGGGTGGTGGAGGCCA,0.2305178220878892
CGCAGGCAGGGCCCACTCACCTTTGGGAAG,0.2283119091128078
TGGCATCGCCTCCCCAGACCAGATTGGCCT,0.2261059971414164
AGTCAGCACCCAGGTACTCCACGTAGGAGG,0.9055269455550516
AGAAGCTCAACTACACCCTCAGCCAGGGGC,0.2227971291843294
TGGTGGTGCACCTCAAGGGCTCCCTGGTGA,0.2128705243093782
CCAGCTCAGTCTTGTCAATGTCGGGGGGCT,0.2117675683236825
TGGTGGCTGAGGCGGACGGGGTGGTGGAGG,0.2084587003665954
GGTGGTCCCACAGGTTCAGGTAGATGGTGT,0.2084587003665954
GTGACCTGCTTCTTCAGGTAGTTCTGGGGA,0.2073557443808997
GGTGTTGTTCAGCGCCAGAGTGACAGGGAC,0.206252787391514
AAAAACGTACAGGCCCCTGTCATTGGGGGT,0.2029439194344269
ACGCTATCGCCCAGGGCGGGGAGGAGGAGT,0.1996350514773399
GCAACGCTATCGCCCAGGGCGGGGAGGAGG,0.1974291395059485
CGGTCATCACGGTGGATACCAGCACGGGGA,0.9044239895693558
GTAGGAATCGGGTTTCAGCGTGTTGGGGAG,0.1974291395059485
GGCACAGGGTGGTCCTGCGTGGTGTGGGAG,0.1952232275345571
CGGGTAACATTGGAATCGGGGTCAAGGAGG,0.1875025346309973
TTAAGGATGGGGCCCGTCACGTTCAGGGCA,0.1863995786453016
CTCTGTTTATTCCCAGTGCCCATAAGGTCC,0.1808847977131331
GCGTTGAAGTCTGGCAGGCCAATCTGGTCT,0.1808847977131331
GGGTTCTCCATCCACTGCTTGAAAAGGCCA,0.1797818417274374
GAGGAGGACAGGGGGTCGAACAGCAGGGAG,0.1797818417274374
TCCTGTCCGAGGACGTATTCAAGCAGGGCC,0.1786788857417418
TCAACGCCGGCGCCATGGAGAACTGGGGAC,0.1753700177846547
GTGGGCTCCGCATAGTCAGCACCCAGGTAC,0.9022180775979646
GGAGGGAGATCCCAGAAAACCTGATGGACC,0.1720611488238776
TCCTGCAGGTGGTCCCACAGGTTCAGGTAG,0.1709581928381819
TGGGGTCTTCTGGAAGTGGGGTGCTGGGAC,0.1709581928381819
CCACCCGCTCCTTGTTGCTGCTGGAGGAGG,0.1588256759918394
CCGAGGCGGGGTTGGTGGTGGCTGAGGCGG,0.1566197640204479
CAGGCTGCTCAGGGCGGCCTCCCAGGGCAT,0.1566197640204479
CATCGAAGCATGGGAAGGACTTCCGGGCAT,0.1566197640204479
CTGTTGGCGTTCTTGTTCTTCTCCTGGGAG,0.1533108960633609
CGGTAACGATTCCACGCTTTACTTTGGTCC,0.1488990711168881
TGAATTCTGAGGGGCGGGTAACATTGGAAT,0.1466931591454968
TGCACCTCAAGGGCTCCCTGGTGAAGGACA,0.9022180775979646
AGGTGGTGGCCGAGGCGGGGTTGGTGGTGG,0.1411783792170183
ATGGCACTGGGCCGGGCCCAGATCCGGATC,0.1411783792170183
CCTTGCAGGTGAAACGGACGGTGCTGGAGC,0.1389724662419369
GCGCCAGAGTGACAGGGACCTTATGGGCAC,0.1323547303277628
CCAACCCCGCCTCGGCCACCACCTTGGACC,0.1301488183563714
AACACGCTGAAACCCGATTCCTACCGGGTG,0.1268399493955943
CCACCCCAGGGCGCCTCAGTCCTCAGGATG,0.1268399493955943
ATGGCGTCAAACAGCTCACTGATCTGGGCC,0.1257369934098986
CCCCATCTGCTCACTTGAATTCTGAGGGGC,0.1246340374242029
GGATCCCCAGGATGCCCAGGGACTTGGAAA,0.1235310814385073
AGCGGTTCATGATGTCCCGCACGGTGGTGG,0.9794250036224929
CCGTCTACTGCAACGCTATCGCCCAGGGCG,0.8978062536551817
TCAGTGGCCTCCTTGCAGGTGAAACGGACG,0.1224281254528115
AGGCGGACGGGGTGGTGGAGGCCACGGGGG,0.1224281254528115
CACACCCTACCCACTCCCAAAATCAGGTGA,0.1224281254528115
CAGTCTTGTCAATGTCGGGGGGCTGGGAGC,0.1224281254528115
GGGCCCCATCCTTAACTTCTTTGCTGGTCA,0.1213251694671159
CATGTTTGACCGCTCCGAGGTCTATGGCCC,0.1202222134814202
TACTTTGGTCCAAGGTGGTGGCCGAGGCGG,0.1169133445206431
ATGGCGCCGGCGTTGAAGTCTGGCAGGCCA,0.1158103885349474
TGACCTGCTTCTTCAGGTAGTTCTGGGGAA,0.113604476563556
TCCTTGTTGCTGCTGGAGGAGGACAGGGGG,0.1125015205778603
GATCTCCGAGGCGGGTGTGGACAGCGGGTG,0.896703296665796
TCTAGGCCATCCCTGTCATCAATCGGGCAC,0.1091926526207733
AGCTGGAGAGCATCCTGAGGACTGAGGCGC,0.1069867406493819
ATATTTCCAAGTCCCTGGGCATCCTGGGGA,0.1069867406493819
TGAATACGTCCTCGGACAGGAAGCTGGAGA,0.1058837836599962
TTGGTCCAAGGTGGTGGCCGAGGCGGGGTT,0.1058837836599962
TGTTGGACAGGGCTGTCAGGTCCTTGGGGT,0.1058837836599962
AGAGCTCCCACTCACTGGTCCATCAGGTTT,0.1036778716886048
GGGTTGGTGGTGGCTGAGGCGGACGGGGTG,0.1025749157029091
GCTTCGCCTCCTACGTGGAGTACCTGGGTG,0.1025749157029091
TCACCTTTGGGAAGCATGTTGGACAGGGCT,0.1014719597172134
CTACGTGGAGAAGCAGGCATCCAATGGTGT,0.8900855607516219
CCCGCTCCTTGTTGCTGCTGGAGGAGGACA,0.095957179788735
CCTCAGCCACCACCAACCCCGCCTCGGCCA,0.0948542238030393
TACCATGCACCTCCGTACCTTCATGGGGCC,0.0926483108279579
TGGTCACTGTGATTGCTCATGAGCTGGCCC,0.0893394428708709
GGCCCGGCCCAGTGCCATTGCGGCGGGCCA,0.0882364868851752
CTGACCTCCTGCAGGTGGTCCCACAGGTTC,0.0871335308994795
CGTCTACTGCAACGCTATCGCCCAGGGCGG,0.0827217059530067
TGGATCTTTAATTGCAGCTACGTGTGGATT,0.0772069260245283
CCAGAACGATCTCTTCAGCACATCAGGCAA,0.0761039700388326
TGACCCCTCCCCCCACAGTGGTTCGGGAAC,0.0750010140531369
CCGAGGCGGGTGTGGACAGCGGGTGGGAGG,0.8900855607516219
TGACCACCCGCTCCTTGTTGCTGCTGGAGG,0.0727951020817455
GGGAGACACTCACGGGTTATTATTGGGGTT,0.0694862331209684
CTGACCCCTCCCCCCACAGTGGTTCGGGAA,0.0683832771352727
TACAGGCCCCTGTCATTGGGGGTGAGGTAC,0.06397145319249
AGTGACATTCCAGTTGGGGTCTTCTGGAAG,0.0628684972067943
CAAGGACCCCCACTCACCTGATTTTGGGAG,0.0617655412210986
ATTAATGACGCCTTCAACCTGGCCAGGTGA,0.0606625842317129
GCATCCTGGGGATCCTCCTGGGCGTGGCAG,0.0562507602889301
ACCCCACTTCCAGAAGACCCCAACTGGAAT,0.0551478043032345
TCAGTCTTGTCAATGTCGGGGGGCTGGGAG,0.0529418923318431
CAGCTCAGTCTTGTCAATGTCGGGGGGCTG,0.8878796487802306
AAGAGGGGTGTGACCTGCTTCTTCAGGTAG,0.0485300673853703
ACTGCAACGCTATCGCCCAGGGCGGGGAGG,0.0474271113996746
AGGCAGCGGAGCACTCACCTGGCCAGGTTG,0.0463241554139789
TATTTCCAAGTCCCTGGGCATCCTGGGGAT,0.0452211994282832
GGCCCGCCGCAATGGCACTGGGCCGGGCCC,0.0441182434425876
TCTGGAAGTGGGGTGCTGGGACCTGGGCAG,0.0430152874568919
TCCAGAGTGTGAGGAGATGGTCTCTGGCCT,0.0386034625104191
TTCTAGGCCATCCCTGTCATCAATCGGGCA,0.0363975505390277
GCTGGACCCTGCAGATGGGCTTCCCGGTCA,0.035294594553332
GGGGAGACACTCACGGGTTATTATTGGGGT,0.0308827706105493
CTCCGTTGGAGCAGGCGGTGCTGATGGCAT,0.8823648678480621
CCCTGGGCATCCTGGGGATCCTCCTGGGCG,0.0275739016497722
CCTGGGCGATAGCGTTGCAGTAGACGGTGG,0.0242650336926851
GTGCTGGAGCCCTTAAAAACGTACAGGCCC,0.0231620777069894
ACGGCGATTATGCCCTGAACGTGACGGGCC,0.0220591217212938
GCCCAGTGCCATTGCGGCGGGCCACGGCGA,0.0187502537642067
TCAGGCTGCTCAGGGCGGCCTCCCAGGGCA,0.0121325168463425
ACCACCTTGGACCAAAGTAAAGCGTGGAAT,0.879055999890975
TGTGCCCATCACATCCATCAGAGATGGCAG,0.879055999890975
CAGTTCTCTTCGTCGTAGTTCACCCGGTAA,0.8779530439052793
GGATGCTCTCCAGCTTCCTGTCCGAGGACG,0.875747131933888
CAGCTGGCTTACCAAGTTCCAGGTGGGCTC,0.9761161356654058
GCACCGTCCGTTTCACCTGCAAGGAGGCCA,0.875747131933888
TGCAGTAGACGGTGGACCGCAGGTTGGGGT,0.8746441749445022
GTGATGACCGGGAAGCCCATCTGCAGGGTC,0.872438262973111
AGCATCCTGAGGACTGAGGCGCCCTGGGGT,0.8658205270589368
ACTCTGGAACTCCGTTGGAGCAGGCGGTGC,0.8625116580981597
GTGTTGTTCAGCGCCAGAGTGACAGGGACC,0.861408702112464
ACCCGGTAATAGCCCGTCACATTGAGGTTC,0.8514820972375128
AGATGGGCTTCCCGGTCATCACGGTGGATA,0.8481732292804257
AGGACGTATTCAAGCAGGGCCTGGCGGTGA,0.8481732292804257
GCAAGTACGTGGACATCTTGGGCGTGGTGT,0.8448643613233388
GTGGAATGACCTGTGGCTGAACGAGGGCTT,0.9739102226903243
TCGCACTGTCAGTGGTGTACTCCCAGGAGA,0.8448643613233388
AAGCTCAACTACACCCTCAGCCAGGGGCAC,0.8437614053376429
ACCATGCACCTCCGTACCTTCATGGGGCCA,0.8437614053376429
GTGCTGGTATCCACCGTGATGACCGGGAAG,0.8437614053376429
CAGCACCCAGGTACTCCACGTAGGAGGCGA,0.8338348004626916
TGAACGAGGGCTTCGCCTCCTACGTGGAGT,0.8338348004626916
CAACGCCGGCGCCATGGAGAACTGGGGACT,0.8327318444769961
ACTGTCTCTCTTCAATCAGGAAGAGGGTGT,0.8305259315019148
GGGCCGGCGTGTTGATCTCCGAGGCGGGTG,0.8305259315019148
TTCATGGGGCCATAGACCTCGGAGCGGTCA,0.8250111515734363
AAGAGAGACAGTACATGCCCTGGGAGGCCG,0.9728072667046288
GTGAGGTACGGTCTCAGCGTCACCCGGTAG,0.8239081955877404
CGTAGTCGAACTCACTGACAATGAAGGCCA,0.8228052396020448
TGACAATGAAGGCCAGCAAGTACGTGGACA,0.8183934146555721
TGGAACTCAGTGACATTCCAGTTGGGGTCT,0.8183934146555721
TACTGCAACGCTATCGCCCAGGGCGGGGAG,0.8139815907127893
TCTGGGCCGGCGTGTTGATCTCCGAGGCGG,0.8128786347270937
TGGCCGGCTCATCGAAGCATGGGAAGGACT,0.8128786347270937
GATTGGCCTGCCAGACTTCAACGCCGGCGC,0.8095697667700066
CCCTGCTTGAATACGTCCTCGGACAGGAAG,0.8040549858378381
GCTTGAAGTAGCTCAGGCTGCTCAGGGCGG,0.7996431618950554
GGGAACCTGGTGACCATAGAGTGGTGGAAT,0.9728072667046288
TTGGACAGGGCTGTCAGGTCCTTGGGGTGG,0.797437249923664
GGGCCCGGCCCAGTGCCATTGCGGCGGGCC,0.797437249923664
CATAATCGCCGTGGCCCGCCGCAATGGCAC,0.797437249923664
GTCACGTTCAGGGCATAATCGCCGTGGCCC,0.7963342929342782
GACAGGGCTGTCAGGTCCTTGGGGTGGATA,0.7963342929342782
CGGGTGAACTACGACGAAGAGAACTGGAGG,0.7941283809628868
ACGGAGTTCCAGAGTGTGAGGAGATGGTCT,0.7875106450487128
TGCTGTGGATGATGATGACGTCAGTGGCCT,0.7853047320736314
AGGTCACCAGTCCCCAGTTCTCCATGGCGC,0.7819958641165443
GCGTTGCAGTAGACGGTGGACCGCAGGTTG,0.7819958641165443
GTGAACTACGACGAAGAGAACTGGAGGAAG,0.9717043107189328
GGGCGATAGCGTTGCAGTAGACGGTGGACC,0.779789952145153
GTGCCCATAAGGTCCCTGTCACTCTGGCGC,0.7775840401737616
CACACTCTGGAACTCCGTTGGAGCAGGCGG,0.7753781282023702
CCTCCCCACCATCACCATGGCCAAGGGCTT,0.7742751712129844
ATCTCATACTGGCTGTCCTTCACCAGGGAG,0.7731722152272887
CATCTGCAGCCTGCATCTGTGTAGTGGCCA,0.7720692592415932
CCAGTCCCCAGTTCTCCATGGCGCCGGCGT,0.7720692592415932
TGACCAGCAAAGAAGTTAAGGATGGGGCCC,0.7720692592415932
GGCCGGCGTGTTGATCTCCGAGGCGGGTGT,0.7687603912845059
GTGTTCTGGTAGGCAAAGGTGTGGAGGTAG,0.765451523327419
ACCGCGCGTCCTACGGAGAGGCTCAGGCCG,1.0
CATCCAAACCCAGCGCTGGCCCGGGGGCCT,0.9667896681781566
CTGCTGTGGTGGGAGCCCTTCGGGGGGCGC,0.6346863469486527
TCCACGGTCACATGTTGGCTCAGTTGGTGG,0.6309963106371644
TCGCGACCGGTGGGCGTGCTGCTGTGGTGG,0.6273062733219863
GCGGTCTATCGCCGCTACTTCCACTGGCGC,0.623616236006808
ATGCCCCAGGGCGGGGGCCAGTCGGGGGGC,0.6199261996953199
GGCGGGTCGCCGGGGTGGCTTCTGGGGTAG,0.6162361623801417
CCAGGAAACAGGGGCTGGTGGCATGGGTGG,0.6125461260686537
TACGAGGCCAGGGAGGAGGCACTTGGGAAG,0.6088560887534755
TAGCGGCGATAGACCGCGGGGTTGCGGTCG,0.6051660514382973
GCCCCCCGACTGGCCCCCGCCCTGGGGCAT,0.6014760151268093
ACCAACTGAGCCAACATGTGACCGTGGACG,0.9630996318666684
ATGTTGAAGCGCAGCCGGCAGTCAGGGGGC,0.597785977811631
GGAAAAGCAGGTACGAGGCCAGGGAGGAGG,0.5940959415001429
GTCGCGACGGGGTTGGCGACGCCCAGGGCA,0.5904059041849646
AAGCCACCCCGGCGACCCGCCCTCAGGCCT,0.5867158678734766
AGTGGAAGTAGCGGCGATAGACCGCGGGGT,0.5830258305582985
GTTGAAGCGCAGCCGGCAGTCAGGGGGCGG,0.5793357932431202
GGCCAGTCGGGGGGCCCCTTCACGAGGTCG,0.5756457569316322
ACCCAGCGCTGGCCCGGGGGCCTGGGGCTG,0.571955719616454
AGCCGGCGGCCGCCAGCACACAGACGGTCC,0.5682656833049659
TGCTTTTCCTCGACCGCAACCCCGCGGTCT,0.5645756459897876
CAACTACGAGCGCTTTGTGCCCCGCGGCGC,0.9594095945514902
GTGGAAGTAGCGGCGATAGACCGCGGGGTT,0.5608856086746095
TGGCGCCGAGGCCGGGGGCTGCCATGGACC,0.5571955723631212
GTGTGCGCCTGGATGCCCCAGGGCGGGGGC,0.5535055350479431
ATGTGACCGTGGACGTGTTCGGCCGGGGCG,0.5498154987364551
GGCGCTGATCACCTACGCTTGCTGGGGGCA,0.5461254614212768
AGGCCTGAGGGCGGGTCGCCGGGGTGGCTT,0.5424354241060987
TGTTCGCGCCATGGGGGCACCGTGGGGCTC,0.5387453877946106
TTCATCCAAACCCAGCGCTGGCCCGGGGGC,0.5350553504794324
CCGTAGGACGCGCGGTCGGTGAGCAGGCGG,0.5313653141679442
GCCGGCAGTCAGGGGGCGGCCTCGGGGCGC,0.527675276852766
TCGTCCACGTGGATGAAGGCGCCGCGGGGC,0.955719557236312
CGGCAGTGTGCGCCTGGATGCCCCAGGGCG,0.523985240541278
CATGTGACCGTGGACGTGTTCGGCCGGGGC,0.5202952032260998
GGGGGCAGCTGCCGCCGCTGCCCTGGGCGT,0.5166051659109216
GGCGCAACGCGTTGCTCGCTGGGGCGGTGC,0.5129151295994335
GGACAGTGGCGGGGCCAGGCCTGAGGGCGG,0.5092250922842554
AGCCACTGGGACGAGCGCCAGGCCCGGGTC,0.5055350559727672
GCTTCTGGGGTAGAGGTAGCCATAAGGCAC,0.501845018657589
GGCTGCCATGGACCGTCTGTGTGCTGGCGG,0.4981549813424108
TGCCATGGACCGTCTGTGTGCTGGCGGCCG,0.4944649450309227
AGCCTGGCAAGTAACCTCTTCAACTGGACG,0.4907749077157445
TAGCTCCGGCGCCAGTGGAAGTAGCGGCGA,0.952029520924824
GGCACAAAGCGCTCGTAGTTGGCACGGTCT,0.4870848714042564
GGCGACCTCCAGCCCCAGGCCCCCGGGCCA,0.4833948340890783
GCGTGTTGGACTACGAGGAGGCAGCGGCGG,0.4797047967739001
CTGTTCGCGCCATGGGGGCACCGTGGGGCT,0.476014760462412
CAGCAGCACGCCCACCGGTCGCGACGGGGT,0.4723247231472338
TGTTGGACTACGAGGAGGCAGCGGCGGCGG,0.4686346868357456
TCGCGACGGGGTTGGCGACGCCCAGGGCAG,0.4649446495205674
CAGTGGCCCGCTACAAGTTCTACCTGGCTT,0.4612546132090793
CACGCCCACCGGTCGCGACGGGGTTGGCGA,0.4575645758939011
GAAGCGCAGCCGGCAGTCAGGGGGCGGCCT,0.453874538578723
GAGGCACTTGGGAAGTCGTCCACGTGGATG,0.9483394836096456
AAGCGCTCGTAGTTGGCACGGTCTGGGCCC,0.4501845022672349
AGCCCCTGTTTCCTGGACAGTGGCGGGGCC,0.4464944649520567
CCCATGCCACCAGCCCCTGTTTCCTGGACA,0.4428044286405685
TCAGGCCTGGCCCCGCCACTGTCCAGGAAA,0.4391143913253904
AGGCAGCGGCGGCGGCAGAAGCCCTGGCGA,0.4354243540102122
ACACAGACGGTCCATGGCAGCCCCCGGCCT,0.431734317698724
TGTTGGCTCAGTTGGTGGTAGTAGCGGACC,0.4280442803835459
GGCACCGGCTGCCCCGGCCCGCCCCGGCCG,0.4243542440720578
TCGGCGAGCCCCACGGTGCCCCCATGGCGC,0.4206642067568796
TGGACGTGTTCGGCCGGGGCGGGCCGGGGC,0.4169741694417014
ACGGTCACATGTTGGCTCAGTTGGTGGTAG,0.9446494472981576
TGCCCCAGGGCGGGGGCCAGTCGGGGGGCC,0.4132841331302133
CAGTGGCGGGGCCAGGCCTGAGGGCGGGTC,0.4095940958150351
GATGTTGAAGCGCAGCCGGCAGTCAGGGGG,0.4059040595035469
GGGCACCGTGGGGCTCGCCGACGGCGGCGG,0.4022140221883688
GAAGCCCTGGCGACCTCCAGCCCCAGGCCC,0.3985239858768807
CGGGGTTGGCGACGCCCAGGGCAGCGGCGG,0.3948339485617025
TGATCAGCGCCGTACACGTCAAGCCGGCGG,0.3911439112465243
AGGTGCTGCGAGTTCTCGAAAGCCAGGTAG,0.3874538749350362
AAAGCAGGTACGAGGCCAGGGAGGAGGCAC,0.383763837619858
GCAGCACGCCCACCGGTCGCGACGGGGTTG,0.3800738013083699
GCCCCGCCACTGTCCAGGAAACAGGGGCTG,0.9409594099829794
TCCAGGAAACAGGGGCTGGTGGCATGGGTG,0.3763837639931917
GGAAACAGGGGCTGGTGGCATGGGTGGTGA,0.3726937266780136
GGGCGGGTCGCCGGGGTGGCTTCTGGGGTA,0.3690036903665254
CGGCGCGGGTGGCGCCGAGGCCGGGGGCTG,0.3653136530513473
AGCAGCACGCCCACCGGTCGCGACGGGGTT,0.3616236167398591
TACGCTGTCCACATCACCTCCTTCTGGGAC,0.357933579424681
ACTTCGAGTCGCCCTCGCACTCCCCGGGGC,0.3542435421095028
TGGATCTGCGCGTGTTGGACTACGAGGAGG,0.3505535057980147
TGGACAGTGGCGGGGCCAGGCCTGAGGGCG,0.3468634684828365
TGGGGGCACCGTGGGGCTCGCCGACGGCGG,0.3431734321713484
GCCTGAGCCTCTCCGTAGGACGCGCGGTCG,0.9372693726678012
GCGCCGCCCGCCCGCCGCCGCCGTCGGCGA,0.3394833948561702
GTGCGCCTGGATGCCCCAGGGCGGGGGCCA,0.335793358544682
GGGCGTCGCCAACCCCGTCGCGACCGGTGG,0.3321033212295039
CGAAAGCCAGGTAGAACTTGTAGCGGGCCA,0.3284132839143257
GGGGCATCCAGGCGCACACTGCCGAGGAGG,0.3247232476028376
GGGGGCCTGGGGCTGGAGGTCGCCAGGGCT,0.3210332102876594
CCGAGGAGGTGGATCTGCGCGTGTTGGACT,0.3173431739761713
GGGCCCCCCGACTGGCCCCCGCCCTGGGGC,0.3136531366609931
CGAGGAAAAGCAGGTACGAGGCCAGGGAGG,0.3099630993458149
TGGACTACGAGGAGGCAGCGGCGGCGGCAG,0.3062730630343268
TCTTCAACTGGACGCTCTCCTACCGGGCGG,0.9335793363563132
GGTTGGCGACGCCCAGGGCAGCGGCGGCAG,0.3025830257191486
CCAACATGTGACCGTGGACGTGTTCGGCCG,0.2988929894076605
AGGGCGGGTCGCCGGGGTGGCTTCTGGGGT,0.2952029520924823
GGGCCAGGCCTGAGGGCGGGTCGCCGGGGT,0.2915129147773042
TGGCGACCTCCAGCCCCAGGCCCCCGGGCC,0.2878228784658161
TGGCGGCCGCCGGCTTGACGTGTACGGCGC,0.2841328411506379
ACGGCGCTGATCACCTACGCTTGCTGGGGG,0.2804428048391497
CGCTGGGGCGGTGCCGGTGGTGCTGGGCCC,0.2767527675239715
ACTGGCCCCCGCCCTGGGGCATCCAGGCGC,0.2730627312124834
TGGACAGCGTAGCTCCGGCGCCAGTGGAAG,0.2693726938973053
GTCCACGTGGATGAAGGCGCCGCGGGGCAC,0.9963099636885118
GGGGCCTGGGGCTGGAGGTCGCCAGGGCTT,0.9298892990411348
CTGGTGGCATGGGTGGTGAGCCACTGGGAC,0.2656826565821271
TCCACCTCCTCGGCAGTGTGCGCCTGGATG,0.261992620270639
CGCCGCCGCCGTCGGCGAGCCCCACGGTGC,0.2583025829554608
GACCTCGTGAAGGGGCCCCCCGACTGGCCC,0.2546125466439727
CCAACACGCGCAGATCCACCTCCTCGGCAG,0.2509225093287945
CGTGCTGCTGTGGTGGGAGCCCTTCGGGGG,0.2472324720136163
GTCCAGTTGAAGAGGTTACTTGCCAGGCTT,0.2435424357021282
TCGCTGGGGCGGTGCCGGTGGTGCTGGGCC,0.23985239838695
GTACGAGGCCAGGGAGGAGGCACTTGGGAA,0.2361623620754619
TCCAGGCGCACACTGCCGAGGAGGTGGATC,0.2324723247602837
TACTTGCCAGGCTTCGCAGCCCCGGGGAGT,0.9261992627296468
GGACTCGGACGTCTTTGTGCCTTATGGCTA,0.2287822874451056
CGTTGCTCGCTGGGGCGGTGCCGGTGGTGC,0.2250922511336174
TTGGGAAGTCGTCCACGTGGATGAAGGCGC,0.2214022138184392
GCCCCAGGGCGGGGGCCAGTCGGGGGGCCC,0.2177121775069511
CACCGTGGGGCTCGCCGACGGCGGCGGCGG,0.2140221401917729
AGTGTGCGCCTGGATGCCCCAGGGCGGGGG,0.2103321038802848
ACCGTGGACGTGTTCGGCCGGGGCGGGCCG,0.2066420665651066
CCACTGTGTGCAGGAGCCCAATTTCGGGCA,0.2029520292499285
ACGGCGGCGGCGGGCGGGCGGCGCGGGTGG,0.1992619929384403
TCGAGGAAAAGCAGGTACGAGGCCAGGGAG,0.1955719556232621
CACCAGCCCCTGTTTCCTGGACAGTGGCGG,0.9225092254144686
GCTGGCCCGGGGGCCTGGGGCTGGAGGTCG,0.191881919311774
CGGGGCGCTATCGCGCCCCCCGAAGGGCTC,0.1881918819965958
CAGCCGCTGATGTTGAAGCGCAGCCGGCAG,0.1845018446814177
CACTGTGTGCAGGAGCCCAATTTCGGGCAC,0.1808118083699295
GTGGGGCTCGCCGACGGCGGCGGCGGGCGG,0.1771217710547514
GGCTCGCCGACGGCGGCGGCGGGCGGGCGG,0.1734317347432632
TGGCTTTCGAGAACTCGCAGCACCTGGATT,0.1697416974280851
GTGCTGCTGTGGTGGGAGCCCTTCGGGGGG,0.1660516601129069
TCTGGCGCAACGCGTTGCTCGCTGGGGCGG,0.1623616238014188
GGCCCCCCGACTGGCCCCCGCCCTGGGGCA,0.1586715864862406
CGGTAGGAGAGCGTCCAGTTGAAGAGGTTA,0.9188191880992904
GCGGCGCGGGTGGCGCCGAGGCCGGGGGCT,0.1549815501747525
GGACGTGTTCGGCCGGGGCGGGCCGGGGCA,0.1512915128595743
ACCCCGGCGACCCGCCCTCAGGCCTGGCCC,0.1476014765480862
GCCAGGCCTGAGGGCGGGTCGCCGGGGTGG,0.143911439232908
CGTGGGGCTCGCCGACGGCGGCGGCGGGCG,0.1402214019177298
GACGTGTTCGGCCGGGGCGGGCCGGGGCAG,0.1365313656062417
GCAACGCGTTGCGCCAGAGCTTCTCGGTGA,0.1328413282910635
GGGCGGCGCGGGTGGCGCCGAGGCCGGGGG,0.1291512919795754
AGCCGGCAGTCAGGGGGCGGCCTCGGGGCG,0.1254612546643972
AGCGCTGGCCCGGGGGCCTGGGGCTGGAGG,0.121771217349219
GAGGTGATGTGGACAGCGTAGCTCCGGCGC,0.9151291517878024
TCGGCCGGGGCGGGCCGGGGCAGCCGGTGC,0.1180811810377309
CCGGGGCAGCCGGTGCCCGAAATTGGGCTC,0.1143911437225528
GCCCCAGGCCCCCGGGCCAGCGCTGGGTTT,0.1107011074110646
GTGCAGGAGCCCAATTTCGGGCACCGGCTG,0.1070110700958864
CCCAATTTCGGGCACCGGCTGCCCCGGCCC,0.1033210327807083
TGGTGGTAGTAGCGGACCCGGGCCTGGCGC,0.0996309964692201
TGGTGAGCCACTGGGACGAGCGCCAGGCCC,0.095940959154042
GCGGCGGCGGGCGGGCGGCGCGGGTGGCGC,0.0922509228425538
GCTCTGGCGCAACGCGTTGCTCGCTGGGGC,0.0885608855273757
CTCTGGCGCAACGCGTTGCTCGCTGGGGCG,0.0848708492158875
GAGCCTCTCCGTAGGACGCGCGGTCGGTGA,0.9114391144726242
ACGGTCCATGGCAGCCCCCGGCCTCGGCGC,0.0811808119007094
TGTGCGCCTGGATGCCCCAGGGCGGGGGCC,0.0774907745855312
GGATGCCCCAGGGCGGGGGCCAGTCGGGGG,0.0738007382740431
AGCCCCAGGCCCCCGGGCCAGCGCTGGGTT,0.0701107009588649
GGGCGGGCGGCGCGGGTGGCGCCGAGGCCG,0.0664206646473768
AAAGCGCTCGTAGTTGGCACGGTCTGGGCC,0.0627306273321986
GTTCATCCAAACCCAGCGCTGGCCCGGGGG,0.0590405900170204
CGCACTCCCCGGGGCTGCGAAGCCTGGCAA,0.0553505537055323
TGTTTCCTGGACAGTGGCGGGGCCAGGCCT,0.0516605163903541
CGATAGACCGCGGGGTTGCGGTCGAGGAAA,0.047970480078866
TAGGACGCGCGGTCGGTGAGCAGGCGGCAG,0.907749078161136
GCCGGGGCAGCCGGTGCCCGAAATTGGGCT,0.0442804427636878
GATGCCCCAGGGCGGGGGCCAGTCGGGGGG,0.0405904054485096
GGCGGCGCGGGTGGCGCCGAGGCCGGGGGC,0.0369003691370215
TGGGGGCAGCTGCCGCCGCTGCCCTGGGCG,0.0332103318218433
TCGGGGCGCTATCGCGCCCCCCGAAGGGCT,0.0295202955103552
ATCACCTCCTTCTGGGACGAGCCTTGGTGC,0.025830258195177
GGCCAGGCCTGAGGGCGGGTCGCCGGGGTG,0.0221402218836889
AACCCAGCGCTGGCCCGGGGGCCTGGGGCT,0.0184501845685107
CAGCCGGCAGTCAGGGGGCGGCCTCGGGGC,0.0147601472533326
GGGCTCGCCGACGGCGGCGGCGGGCGGGCG,0.0110701109418444
TCGGGGGGCCCCTTCACGAGGTCGCGGTGG,0.904059040845958
AAACCCAGCGCTGGCCCGGGGGCCTGGGGC,0.0073800736266663
TCGCCGACGGCGGCGGCGGGCGGGCGGCGC,0.0036900373151781
TTCGGGGGGCGCGATAGCGCCCCGAGGCCG,0.0
GACGGCGGCGGCGGGCGGGCGGCGCGGGTG,0.0
TCACCGACCGCGCGTCCTACGGAGAGGCTC,0.9003690045344698
GGCCCCGCCACTGTCCAGGAAACAGGGGCT,0.8966789672192915
GGGGGCCCCTTCACGAGGTCGCGGTGGTGG,0.9926199263733336
CTCCCACCACAGCAGCACGCCCACCGGTCG,0.8929889299041134
GGCACAAAGACGTCCGAGTCCGCCCGGTAG,0.8892988935926254
TATCGCCGCTACTTCCACTGGCGCCGGAGC,0.885608856277447
TGTGACCGTGGACGTGTTCGGCCGGGGCGG,0.8819188199659589
ACGACTTCCCAAGTGCCTCCTCCCTGGCCT,0.8782287826507807
AAAGCACGGCCTGAGCCTCTCCGTAGGACG,0.8745387453356027
TGCGGTCGAGGAAAAGCAGGTACGAGGCCA,0.8708487090241145
CGCCACTGTCCAGGAAACAGGGGCTGGTGG,0.8671586717089362
AGTGGCGGGGCCAGGCCTGAGGGCGGGTCG,0.8634686353974481
CAGCCCCTGTTTCCTGGACAGTGGCGGGGC,0.85977859808227
GCCCGCCCCGGCCGAACACGTCCACGGTCA,0.9889298900618454
ACCCGGGCCTGGCGCTCGTCCCAGTGGCTC,0.8560885607670918
GGCAGTGTGCGCCTGGATGCCCCAGGGCGG,0.8523985244556036
GACCGGTGGGCGTGCTGCTGTGGTGGGAGC,0.8487084871404256
GGCTTCGCAGCCCCGGGGAGTGCGAGGGCG,0.8450184508289373
GTCGCCAACCCCGTCGCGACCGGTGGGCGT,0.8413284135137593
TTTTCCACCACCGCGACCTCGTGAAGGGGC,0.8376383772022711
TGCTGCTGTGGTGGGAGCCCTTCGGGGGGC,0.8339483398870929
GCCCCGAGGCCGCCCCCTGACTGCCGGCTG,0.8302583025719148
TTCGAGTCGCCCTCGCACTCCCCGGGGCTG,0.8265682662604267
CTCAGTTGGTGGTAGTAGCGGACCCGGGCC,0.8228782289452484
TGGTGGCATGGGTGGTGAGCCACTGGGACG,0.98530743621533
GCGGGGTTGCGGTCGAGGAAAAGCAGGTAC,0.8191881926337602
GCCACTGGGACGAGCGCCAGGCCCGGGTCC,0.8154981553185822
AGGCCCCCGGGCCAGCGCTGGGTTTGGATG,0.811808118003404
GCTTCGCAGCCCCGGGGAGTGCGAGGGCGA,0.8081180816919159
AACTTGTAGCGGGCCACTGTGTGCAGGAGC,0.8044280443767376
CGTCGCCAACCCCGTCGCGACCGGTGGGCG,0.8007380080652495
ACGCTGTCCACATCACCTCCTTCTGGGACG,0.7970479707500714
CTACCTCTACCCCAGAAGCCACCCCGGCGA,0.7933579334348931
CCGAAATTGGGCTCCTGCACACAGTGGCCC,0.789667897123405
GGCACGGTCTGGGCCCAGCACCACCGGCAC,0.7859778598082269
GGCACCAAGGCTCGTCCCAGAAGGAGGTGA,0.9852398527466673
GGCCCCTTCACGAGGTCGCGGTGGTGGAAA,0.7822878234967388
TCGCCGGGGTGGCTTCTGGGGTAGAGGTAG,0.7785977861815607
GGACGCTCTCCTACCGGGCGGACTCGGACG,0.7749077498700725
CACTGTCCAGGAAACAGGGGCTGGTGGCAT,0.7712177125548944
GCGGCAGCTGCCCCCAGCAAGCGTAGGTGA,0.7675276752397161
TTACTTGCCAGGCTTCGCAGCCCCGGGGAG,0.7638376389282281
TGGCCCCGCCACTGTCCAGGAAACAGGGGC,0.7601476016130497
CGACCGGTGGGCGTGCTGCTGTGGTGGGAG,0.7564575653015616
TGTTGAAGCGCAGCCGGCAGTCAGGGGGCG,0.7527675279863835
TGCCCCGCGGCGCCTTCATCCACGTGGACG,0.7490774906712054
CTCTTCAACTGGACGCTCTCCTACCGGGCG,0.9778597791200008
CGTCCACGTGGATGAAGGCGCCGCGGGGCA,0.7453874543597173
TGGAAGTAGCGGCGATAGACCGCGGGGTTG,0.741697417044539
GTTACTTGCCAGGCTTCGCAGCCCCGGGGA,0.7380073807330509
TTCCACCACCGCGACCTCGTGAAGGGGCCC,0.7343173434178727
GCTGCTGTGGTGGGAGCCCTTCGGGGGGCG,0.7306273061026946
CAAAGACGTCCGAGTCCGCCCGGTAGGAGA,0.7269372697912063
CCGAACACGTCCACGGTCACATGTTGGCTC,0.7232472324760283
TTTCCACCACCGCGACCTCGTGAAGGGGCC,0.7195571961645402
TCATCCAAACCCAGCGCTGGCCCGGGGGCC,0.715867158849362
GCGCTGATCACCTACGCTTGCTGGGGGCAG,0.7121771225378739
CGAGGTCGCGGTGGTGGAAAAGCACGGCCT,0.9741697418048229
CGCGGGGCACAAAGCGCTCGTAGTTGGCAC,0.7084870852226957
ACGCGTTGCTCGCTGGGGCGGTGCCGGTGG,0.7047970479075175
TCGAAGTTCATCCAAACCCAGCGCTGGCCC,0.7011070115960294
GACCGTGGACGTGTTCGGCCGGGGCGGGCC,0.6974169742808511
CAGAGCTTCTCGGTGATATAATCCAGGTGC,0.693726937969363
GGCCGCCAGCACACAGACGGTCCATGGCAG,0.6900369006541849
TCGAAAGCCAGGTAGAACTTGTAGCGGGCC,0.6863468633390069
CGGCGCTGATCACCTACGCTTGCTGGGGGC,0.6826568270275186
CCTGCTCACCGACCGCGCGTCCTACGGAGA,0.6789667897123404
GGCTCGTCCCAGAAGGAGGTGATGTGGACA,0.6752767534008522
GCCCCTGTTTCCTGGACAGTGGCGGGGCCA,0.9704797054933346
GACCGTCTGTGTGCTGGCGGCCGCCGGCTT,0.6715867160856741
CTGCCGGCTGCGCTTCAACATCAGCGGCTG,0.667896678770496
CTTCGAGTCGCCCTCGCACTCCCCGGGGCT,0.6642066424590078
TCAGCGCCGTACACGTCAAGCCGGCGGCCG,0.6605166051438297
ATCTGCGCGTGTTGGACTACGAGGAGGCAG,0.6568265688323415
TCAACTGGACGCTCTCCTACCGGGCGGACT,0.6531365315171633
CAGCGCTGCCTGTTCGCGCCATGGGGGCAC,0.6494464952056752
TCAGTTGGTGGTAGTAGCGGACCCGGGCCT,0.6457564578904971
CCTGTTCGCGCCATGGGGGCACCGTGGGGC,0.6420664205753189
GCATCCAGGCGCACACTGCCGAGGAGGTGG,0.6383763842638308
GCCGTGGGGTGATTATGAGCACCGAGGAGT,0.9711026989105662
ACCTGTCACATGCACAGAGAGCTGGGGAGA,0.9124454883770992
GCTCTGTGTCCTGGGCCTGTGAGCAGGGAA,0.3780131313148984
CCCCAGTTCATGGTTACTGGTTCCGGGAAG,0.3693231739386132
AGGTCAGGTTGGTGCCGTGGTCCTGGGGCC,0.3649781957523156
GAAAATGCTCACATGAAGAAGATGAGGCAG,0.3541157492828817
TGCTCCCTGAGCATCGTAGACGCCAGGAGG,0.3541157492828817
CCTGACCTGTCAGGTGAAGTTCGCTGGAGC,0.341080813720299
GTTGTCAGCTGCCCCCACCTCCCTGGGCCC,0.3367358345303115
ACTCAGGGCAGATTCCGCCTCCTTGGGGAT,0.3345633454371626
TCCGGGAAGGAGCCATTATATCCAGGGACT,0.3323908563440139
GCTCAGGGAGCAGTTGTTCCTACTGGGATC,0.3237008999714187
GGGTATGGGATGGAAGAAAGTGCAGGGCAC,0.9102729992839504
AGGGATAATGGTTCATACTTCTTTCGGATG,0.3237008999714187
CAGCAGGGGCAGCAGTAGCAGCAGCGGCAT,0.3171834316882824
GTTTCCCCACAGGGGCCCTGGCTATGGATC,0.2998035179394021
GCTGTCCTGGCTGCTTTCCTCCTGTGGGTC,0.291113560563117
TGCTCAGGGAGCAGTTGTTCCTACTGGGAT,0.2737336468142367
GAGGAAAGCAGCCAGGACAGCAGTGGGCAG,0.2585262221585052
TAGTCCTGGGGCCCAGGGAGGTGGGGGCAG,0.2541812429685177
AAAGCAGCCAGGACAGCAGTGGGCAGGAAT,0.2541812429685177
AGGAATGACACCCACCCTACCACAGGGTCA,0.2498362647822201
GGAAACAAGAGACCAGAGCAGGAGTGGTTC,0.2454912865959225
TGCAGGAGTCAGTGACGGTACAGGAGGGTT,0.9015830419076653
AAAACCTGACCTGCTCTGTGTCCTGGGCCT,0.2433187964990837
AGTAGTCCTGGGGCCCAGGGAGGTGGGGGC,0.2389738183127862
GTAGTCCTGGGGCCCAGGGAGGTGGGGGCA,0.2324563510333398
CAGGAATGACACCCACCCTACCACAGGGTC,0.230283860936501
TTCCGGGAAGGAGCCATTATATCCAGGGAC,0.2237663936570547
GAGGAGTGAGTAGTCCTGGGGCCCAGGGAG,0.210731458094472
GCCAGAAATTTGGATCCATAGCCAGGGCCC,0.1955240334387405
ATCCAAATTTCTGGCTGCAAGTGCAGGAGT,0.1955240334387405
GCTGCCCCCACCTCCCTGGGCCCCAGGACT,0.1933515443455917
CCACTGGAGAGTCCCTGGATATAATGGCTC,0.1868340760624554
CCATTATATCCAGGGACTCTCCAGTGGCCA,0.8994105528145163
GAGACCAGAGCAGGAGTGGTTCATGGGGCC,0.1868340760624554
GGAGGAAAGCAGCCAGGACAGCAGTGGGCA,0.180316608783009
GGTTGTCAGCTGCCCCCACCTCCCTGGGCC,0.180316608783009
GGGAGGCTGACCCTGTGGTAGGGTGGGTGT,0.1651091841272775
CTGTCAGGTGAAGTTCGCTGGAGCTGGTGT,0.1433842911884097
ACCCTACCACAGGGTCAGCCTCCCCGGTGA,0.1325218447189758
CACTCACCGGGGAGGCTGACCCTGTGGTAG,0.1281768665326782
CACCGGGGAGGCTGACCCTGTGGTAGGGTG,0.1151419309700955
GACTCAGGGCAGATTCCGCCTCCTTGGGGA,0.1129694418769467
AAGACCCACAGGAGGAAAGCAGCCAGGACA,0.1042794845006616
GGCTGCAAGTGCAGGAGTCAGTGACGGTAC,0.8950655746282189
TGTCATTCCTGCCCACTGCTGTCCTGGCTG,0.1042794845006616
ACCGGGGAGGCTGACCCTGTGGTAGGGTGG,0.0977620162175252
GGAGTGGCCGGGTTCTAGAGTGCCAGGGAT,0.0977620162175252
GCCCTGGCTATGGATCCAAATTTCTGGCTG,0.0890720598449301
GTTGGTGCCGTGGTCCTGGGGCCGTGGGGT,0.0847270806549425
TCCCCAGTTCATGGTTACTGGTTCCGGGAA,0.0760371242823474
GGGGAGGCTGACCCTGTGGTAGGGTGGGTG,0.0586572095297771
GTACTTCTTGATCTAGCTTGTTTGTGGCCA,0.0521397422503308
AGTTCGCTGGAGCTGGTGTGACTACGGAGA,0.0477947640640332
CTCCTGCACTTGCAGCCAGAAATTTGGATC,0.0434497848740456
GAGTGGCCGGGTTCTAGAGTGCCAGGGATG,0.8928930855350701
GCTGGGGAGATTTGTAACTGTATTTGGTAC,0.0304148493114629
GAGTAGTCCTGGGGCCCAGGGAGGTGGGGG,0.0238973820320166
CTAGAGTGCCAGGGATGAGGATTTTGGGCC,0.0217248929388678
AGATCGGGGGTGTTCCCTGCTCACAGGCCC,0.0152074246557314
AGCCAGAAATTTGGATCCATAGCCAGGGCC,0.0086899573762851
TCCTCCTGGCGTCTACGATGCTCAGGGAGC,0.8907205954382313
CCCGGAACCAGTAACCATGAACTGGGGAGT,0.8885481063450824
CTGAGCATCGTAGACGCCAGGAGGAGGGAT,0.8842031281587849
GGGAGTTCTTGTCGTAGTAGGGTATGGGAT,0.8820306390656363
TCCCTGAGCATCGTAGACGCCAGGAGGAGG,0.9689302088137276
AAGTGCAGGAGTCAGTGACGGTACAGGAGG,0.8603057461267684
CAGTTGTTCCTACTGGGATCCCCAAGGAGG,0.8450983214710368
CTCCTCCTGGCGTCTACGATGCTCAGGGAG,0.842925832377888
AGCTGACAACCAGGAGAAGATCGGGGGTGT,0.8407533432847393
TCCTCGGTGCTCATAATCACCCCACGGCCC,0.8342358750016028
AGGGTATGGGATGGAAGAAAGTGCAGGGCA,0.8277184077221565
CAGCTGACAACCAGGAGAAGATCGGGGGTG,0.8146834721595739
ACAGCCACTCACCTGCCCACAGCAGGGGCA,0.8103384929695863
TGTTTGTGGCCACTGGAGAGTCCCTGGATA,0.7973035574070036
TGGGCCCCAGGACTACTCACTCCTCGGTGC,0.7886136010344084
CCTCATCCCTGGCACTCTAGAACCCGGCCA,0.945032827785401
GGAGTTCTTGTCGTAGTAGGGTATGGGATG,0.7886136010344084
AGTATGAACCATTATCCCTCCTCCTGGCGT,0.7886136010344084
AGCACCGAGGAGTGAGTAGTCCTGGGGCCC,0.7777511545649745
TGAGCATCGTAGACGCCAGGAGGAGGGATA,0.7690611971886894
AGGAGTGAGTAGTCCTGGGGCCCAGGGAGG,0.762543729909243
CCAGCGAACTTCACCTGACAGGTCAGGTTG,0.7581987507192555
AGACCAGAGCAGGAGTGGTTCATGGGGCCA,0.7473363052535116
ACTTACAGGTGACGTTGAGCTGGATGGTTC,0.7473363052535116
GGGCTGTAACACCAGCTCCTCCAATGGCCC,0.7451638151566727
TTCTCCTCACTAGACTTGACCCACAGGCCC,0.7386463478772264
TGGTGCCGTGGTCCTGGGGCCGTGGGGTGA,0.9363428704091156
ACAAGCTAGATCAAGAAGTACAGGAGGAGA,0.7169214549383587
GGGGTGTTCCCTGCTCACAGGCCCAGGACA,0.7147489658452099
TCCCTGGATATAATGGCTCCTTCCCGGAAC,0.7082314985657634
CAAACAAGCTAGATCAAGAAGTACAGGAGG,0.7017140302826271
GGGAGGTGGGGGCAGCTGACAACCAGGAGA,0.693024072906342
CCACAGGCCCAAAATCCTCATCCCTGGCAC,0.693024072906342
GGTCAGGTTGGTGCCGTGGTCCTGGGGCCG,0.6865066056268957
CTCAGGGCAGATTCCGCCTCCTTGGGGATC,0.682161627440598
TTGTTCCTACTGGGATCCCCAAGGAGGCGG,0.6778166482506105
AACTGGGGAGTTCTTGTCGTAGTAGGGTAT,0.6756441591574617
GCAGGAGTCAGTGACGGTACAGGAGGGTTT,0.9319978922228184
AGTTCATGGTTACTGGTTCCGGGAAGGAGC,0.6756441591574617
AGGAGTGGTTCATGGGGCCATTGGAGGAGC,0.6582642454085814
CTACGACAAGAACTCCCCAGTTCATGGTTA,0.6365393524697135
TCTCCCATCAGAGTGAAGACCCACAGGAGG,0.6321943742834161
GAGCACCGAGGAGTGAGTAGTCCTGGGGCC,0.6104694813445481
ACCTGACAGGTCAGGTTGGTGCCGTGGTCC,0.6082969922513994
TTCATACTTCTTTCGGATGGAGAGAGGAAG,0.6082969922513994
ATCAAGAAGTACAGGAGGAGACTCAGGGCA,0.6082969922513994
AAGAACTCCCCAGTTCATGGTTACTGGTTC,0.5996070348751142
AGCAGGAGTGGTTCATGGGGCCATTGGAGG,0.5952620566888167
CACCTGTCACATGCACAGAGAGCTGGGGAG,0.925480423939682
CACAGCCACTCACCTGCCCACAGCAGGGGC,0.5930895675956679
CTCTGTGTCCTGGGCCTGTGAGCAGGGAAC,0.5930895675956679
TGCTGCTACTGCTGCCCCTGCTGTGGGCAG,0.582227121126234
CAGCTCCAGCGAACTTCACCTGACAGGTCA,0.582227121126234
TGCAGGGAAACAAGAGACCAGAGCAGGAGT,0.5800546320330852
TGCTCATAATCACCCCACGGCCCCAGGACC,0.5778821429399364
TGAGCACCGAGGAGTGAGTAGTCCTGGGGC,0.5778821429399364
TGAGGCAGAGACAAAGAGCGAGCAGGGCTG,0.5691921855636514
CAGCCACTCACCTGCCCACAGCAGGGGCAG,0.5670196964705025
GCAGCTGACAACCAGGAGAAGATCGGGGGT,0.562674718284205
TCCCGGAACCAGTAACCATGAACTGGGGAG,0.9189629566602354
CGAACTTCACCTGACAGGTCAGGTTGGTGC,0.5496397827216222
TTGATCTAGCTTGTTTGTGGCCACTGGAGA,0.5496397827216222
TCAAGAAGTACAGGAGGAGACTCAGGGCAG,0.5409498253453372
TTGGTGCCGTGGTCCTGGGGCCGTGGGGTG,0.5409498253453372
CAGCACTTACAGGTGACGTTGAGCTGGATG,0.5387773362521884
TTCCCGGAACCAGTAACCATGAACTGGGGA,0.5257424006896056
ATGAGGCAGAGACAAAGAGCGAGCAGGGCT,0.5148799542201716
AATCACCCCACGGCCCCAGGACCACGGCAC,0.5127074651270229
CCGGGTTCTAGAGTGCCAGGGATGAGGATT,0.4953275513781426
CAGGTCAGGTTGGTGCCGTGGTCCTGGGGC,0.490982572188155
GGATGGAAGAAAGTGCAGGGCACGAGGACG,0.9167904665633966
GCTCACAGGCCCAGGACACAGAGCAGGTCA,0.4801201257187211
TTCCTACTGGGATCCCCAAGGAGGCGGAAT,0.4583952337835434
AGAGACCAGAGCAGGAGTGGTTCATGGGGC,0.4583952337835434
CAGGGAACACCCCCGATCTTCTCCTGGTTG,0.451877765500407
ACCACGGCACCAACCTGACCTGTCAGGTGA,0.4497052764072581
CAGGCCCAGGACACAGAGCAGGTCAGGTTT,0.4497052764072581
AAAAACCTGACCTGCTCTGTGTCCTGGGCC,0.4497052764072581
AGTGAGTAGTCCTGGGGCCCAGGGAGGTGG,0.4453602982209607
ATAATGGTTCATACTTCTTTCGGATGGAGA,0.4410153190309731
GCTACTGCTGCCCCTGCTGTGGGCAGGTGA,0.4301528735652292
TTCTTGTCGTAGTAGGGTATGGGATGGAAG,0.914617977470248
GAACTGGGGAGTTCTTGTCGTAGTAGGGTA,0.4301528735652292
CGTAGACGCCAGGAGGAGGGATAATGGTTC,0.4236354052820928
GGCAGCTGACAACCAGGAGAAGATCGGGGG,0.4171179380026464
TCACCTGTCACATGCACAGAGAGCTGGGGA,0.4171179380026464
TTCCGCCTCCTTGGGGATCCCAGTAGGAAC,0.4149454479058076
GGTTCATGGGGCCATTGGAGGAGCTGGTGT,0.4084279806263614
CTGCTGCTACTGCTGCCCCTGCTGTGGGCA,0.401910512343225
CTGTCCTGGCTGCTTTCCTCCTGTGGGTCT,0.3888755767806423
AGGATGCCCCATCACTCACCGGGGAGGCTG,0.3801856204080471
TCCCCAGCTCTCTGTGCATGTGACAGGTGA,0.3780131313148984
